{"cameraMode":{"drawMode":0,"name":"Shaded","section":"Shading Mode"},"sceneLighting":false,"audioPlay":false,"sceneViewState":{"showFog":true,"showMaterialUpdate":false,"showSkybox":false,"showFlares":true,"showImageEffects":true,"showParticleSystems":true},"in2DMode":false,"pivot":{"x":0.0,"y":1.194000005722046,"z":-2.6429998874664308},"rotation":{"x":0.7015278339385986,"y":-0.01923220418393612,"z":0.018945856019854547,"w":0.7121307253837586},"size":3.777022361755371,"orthographic":true}