{"cameraMode":{"drawMode":0,"name":"Shaded","section":"Shading Mode"},"sceneLighting":false,"audioPlay":false,"sceneViewState":{"showFog":true,"showMaterialUpdate":false,"showSkybox":true,"showFlares":true,"showImageEffects":true,"showParticleSystems":true},"in2DMode":false,"pivot":{"x":12.43456745147705,"y":-0.9999923706054688,"z":-16.640148162841798},"rotation":{"x":-0.09905732423067093,"y":-0.11556584388017655,"z":0.011582842096686364,"w":-0.9882843494415283},"size":96.22486114501953,"orthographic":false}