{"cameraMode":{"drawMode":0,"name":"Shaded","section":"Shading Mode"},"sceneLighting":false,"audioPlay":false,"sceneViewState":{"showFog":true,"showMaterialUpdate":false,"showSkybox":false,"showFlares":true,"showImageEffects":true,"showParticleSystems":true},"in2DMode":false,"pivot":{"x":-0.0013159029185771943,"y":0.054327670484781268,"z":0.10094690322875977},"rotation":{"x":0.117573581635952,"y":-0.3383435606956482,"z":0.04265069589018822,"w":0.932680070400238},"size":2.025567054748535,"orthographic":false}