{"cameraMode":{"drawMode":0,"name":"Shaded","section":"Shading Mode"},"sceneLighting":true,"audioPlay":false,"sceneViewState":{"showFog":true,"showMaterialUpdate":false,"showSkybox":true,"showFlares":true,"showImageEffects":true,"showParticleSystems":true},"in2DMode":false,"pivot":{"x":-11.77375602722168,"y":-0.7437257766723633,"z":-11.126725196838379},"rotation":{"x":0.3924330472946167,"y":-0.3061414361000061,"z":0.1403660625219345,"w":0.8559114933013916},"size":16.3615779876709,"orthographic":false}